Date,DJUSF
2008-01-02,463.36401399999994
2008-01-03,459.412994
2008-01-04,446.221008
2008-01-07,448.487
2008-01-08,432.35101299999997
2008-01-09,438.86401399999994
2008-01-10,448.451996
2008-01-11,446.85800199999994
2008-01-14,450.549011
2008-01-15,434.85800199999994
2008-01-16,440.39199800000006
2008-01-17,420.949005
2008-01-18,413.647003
2008-01-22,423.18600499999997
2008-01-23,452.175995
2008-01-24,453.877991
2008-01-25,443.48800700000004
2008-01-28,458.56500199999994
2008-01-29,464.457001
2008-01-30,458.996002
2008-01-31,471.73001100000005
2008-02-01,481.14099100000004
2008-02-04,469.65499900000003
2008-02-05,449.51599100000004
2008-02-06,444.501007
2008-02-07,451.884003
2008-02-08,441.98199500000004
2008-02-11,434.14099100000004
2008-02-12,439.84698499999996
2008-02-13,443.32299800000004
2008-02-14,434.81100499999997
2008-02-15,437.53601100000003
2008-02-19,433.860992
2008-02-20,440.539001
2008-02-21,434.22399900000005
2008-02-22,440.69299299999994
2008-02-25,446.15799000000004
2008-02-26,447.252014
2008-02-27,449.916992
2008-02-28,436.89800999999994
2008-02-29,420.65301500000004
2008-03-03,415.950012
2008-03-04,412.540009
2008-03-05,409.694
2008-03-06,394.832001
2008-03-07,396.48999
2008-03-10,385.391998
2008-03-11,412.919006
2008-03-12,404.450012
2008-03-13,406.625
2008-03-14,391.515015
2008-03-17,385.58401499999997
2008-03-18,415.742004
2008-03-19,407.889008
2008-03-20,434.158997
2008-03-24,437.369995
2008-03-25,436.94500700000003
2008-03-26,422.757996
2008-03-27,414.317993
2008-03-28,406.467987
2008-03-31,410.059998
2008-04-01,438.79599
2008-04-02,436.23999000000003
2008-04-03,438.14999400000005
2008-04-04,431.782013
2008-04-07,435.585999
2008-04-08,428.54400599999997
2008-04-09,420.73999000000003
2008-04-10,419.85598799999997
2008-04-11,412.50100699999996
2008-04-14,403.238007
2008-04-15,407.76599100000004
2008-04-16,420.98498499999994
2008-04-17,426.457001
2008-04-18,433.15600599999993
2008-04-21,426.14999400000005
2008-04-22,422.52499400000005
2008-04-23,419.77398700000003
2008-04-24,434.93499800000006
2008-04-25,441.51699800000006
2008-04-28,441.303009
2008-04-29,438.737
2008-04-30,434.40600599999993
2008-05-01,450.94500700000003
2008-05-02,451.77801500000004
2008-05-05,446.19000199999994
2008-05-06,449.84399400000007
2008-05-07,434.282013
2008-05-08,429.664001
2008-05-09,426.069
2008-05-12,433.63699299999996
2008-05-13,428.204987
2008-05-14,431.846008
2008-05-15,436.902008
2008-05-16,431.40600599999993
2008-05-19,429.423004
2008-05-20,420.84399400000007
2008-05-21,410.764008
2008-05-22,414.325989
2008-05-23,407.420013
2008-05-27,411.121002
2008-05-28,408.73400899999996
2008-05-29,415.329987
2008-05-30,412.56298799999996
2008-06-02,405.761993
2008-06-03,403.653015
2008-06-04,400.735992
2008-06-05,408.958008
2008-06-06,389.760986
2008-06-09,381.320007
2008-06-10,384.971985
2008-06-11,373.14599599999997
2008-06-12,379.76800499999996
2008-06-13,386.734985
2008-06-16,391.03299
2008-06-17,380.117004
2008-06-18,375.487
2008-06-19,378.678986
2008-06-20,369.575012
2008-06-23,360.06298799999996
2008-06-24,364.615997
2008-06-25,366.242004
2008-06-26,351.10900899999996
2008-06-27,346.77999900000003
2008-06-30,339.825012
2008-07-01,342.89801
2008-07-02,337.679993
2008-07-03,335.890015
2008-07-07,325.742004
2008-07-08,344.621002
2008-07-09,326.681
2008-07-10,324.860992
2008-07-11,317.830994
2008-07-14,302.882996
2008-07-15,294.70300299999997
2008-07-16,327.90499900000003
2008-07-17,347.14898700000003
2008-07-18,350.045013
2008-07-21,346.98400899999996
2008-07-22,368.204987
2008-07-23,375.005005
2008-07-24,350.928986
2008-07-25,350.02999900000003
2008-07-28,335.783997
2008-07-29,359.510986
2008-07-30,365.519989
2008-07-31,360.81100499999997
2008-08-01,363.079987
2008-08-04,358.619995
2008-08-05,375.544006
2008-08-06,371.989014
2008-08-07,355.403992
2008-08-08,368.085999
2008-08-11,375.22000099999997
2008-08-12,357.890015
2008-08-13,348.692993
2008-08-14,357.234985
2008-08-15,360.765015
2008-08-18,349.048004
2008-08-19,339.415009
2008-08-20,344.024994
2008-08-21,340.556
2008-08-22,350.489014
2008-08-25,340.12399300000004
2008-08-26,342.510986
2008-08-27,347.838989
2008-08-28,362.222992
2008-08-29,360.17199700000003
2008-09-02,365.972992
2008-09-03,370.60400400000003
2008-09-04,354.549011
2008-09-05,364.531006
2008-09-08,380.64599599999997
2008-09-09,357.714996
2008-09-10,356.657013
2008-09-11,361.428009
2008-09-12,359.52600099999995
2008-09-15,326.04699700000003
2008-09-16,344.850006
2008-09-17,317.082001
2008-09-18,352.841003
2008-09-19,387.717987
2008-09-22,353.451996
2008-09-23,349.18701200000004
2008-09-24,344.237
2008-09-25,352.09899900000005
2008-09-26,360.862
2008-09-29,308.882996
2008-09-30,344.285004
2008-10-01,350.77600099999995
2008-10-02,335.255005
2008-10-03,322.536011
2008-10-06,309.539001
2008-10-07,278.238007
2008-10-08,270.52999900000003
2008-10-09,239.184006
2008-10-10,256.544006
2008-10-13,281.649994
2008-10-14,294.455994
2008-10-15,266.864014
2008-10-16,272.483002
2008-10-17,267.367004
2008-10-20,274.24301099999997
2008-10-21,268.794006
2008-10-22,250.673996
2008-10-23,248.149994
2008-10-24,239.40400699999998
2008-10-27,229.587006
2008-10-28,257.50100699999996
2008-10-29,252.17199700000003
2008-10-30,256.144989
2008-10-31,269.424011
2008-11-03,269.04699700000003
2008-11-04,282.950989
2008-11-05,258.89300499999996
2008-11-06,242.806
2008-11-07,248.99000499999997
2008-11-10,237.934006
2008-11-11,233.212006
2008-11-12,218.248001
2008-11-13,234.77600099999998
2008-11-14,222.016006
2008-11-17,210.468002
2008-11-18,209.449997
2008-11-19,185.998001
2008-11-20,167.951004
2008-11-21,174.824997
2008-11-24,203.91000400000001
2008-11-25,208.865997
2008-11-26,218.74000499999997
2008-11-28,224.11099199999998
2008-12-01,187.190002
2008-12-02,202.009995
2008-12-03,212.69500699999998
2008-12-04,208.279999
2008-12-05,225.54200699999998
2008-12-08,239.42799399999998
2008-12-09,227.40499900000003
2008-12-10,227.68299900000002
2008-12-11,208.932007
2008-12-12,214.751007
2008-12-15,206.970001
2008-12-16,229.04699700000003
2008-12-17,226.912994
2008-12-18,220.125
2008-12-19,222.02900699999998
2008-12-22,214.34399399999998
2008-12-23,210.901993
2008-12-24,214.141998
2008-12-26,214.63400299999998
2008-12-29,211.701004
2008-12-30,219.981003
2008-12-31,226.51499900000002
2009-01-02,228.645004
2009-01-05,223.55700699999997
2009-01-06,228.330002
2009-01-07,217.350998
2009-01-08,217.20300299999997
2009-01-09,209.940994
2009-01-12,198.942993
2009-01-13,202.154999
2009-01-14,191.225006
2009-01-15,184.076004
2009-01-16,181.61099199999998
2009-01-20,155.136002
2009-01-21,174.162003
2009-01-22,164.544998
2009-01-23,169.376999
2009-01-26,166.320007
2009-01-27,171.66099499999999
2009-01-28,190.860001
2009-01-29,175.875
2009-01-30,171.800995
2009-02-02,172.615005
2009-02-03,169.097
2009-02-04,167.300995
2009-02-05,169.966995
2009-02-06,182.257996
2009-02-09,184.184006
2009-02-10,166.373001
2009-02-11,173.740005
2009-02-12,172.320999
2009-02-13,165.591995
2009-02-17,151.733002
2009-02-18,151.615997
2009-02-19,144.496994
2009-02-20,143.557007
2009-02-23,138.378998
2009-02-24,152.550995
2009-02-25,151.408997
2009-02-26,152.91000400000001
2009-02-27,144.149994
2009-03-02,135.16000400000001
2009-03-03,133.110001
2009-03-04,132.796005
2009-03-05,120.999001
2009-03-06,119.480003
2009-03-09,121.208
2009-03-10,137.904999
2009-03-11,139.925995
2009-03-12,152.563995
2009-03-13,152.912003
2009-03-16,149.600006
2009-03-17,159.246994
2009-03-18,172.792007
2009-03-19,160.48100300000002
2009-03-20,153.132996
2009-03-23,177.098007
2009-03-24,165.973999
2009-03-25,172.565002
2009-03-26,174.988007
2009-03-27,169.084
2009-03-30,155.46899399999998
2009-03-31,165.125
2009-04-01,168.378006
2009-04-02,173.604996
2009-04-03,180.878006
2009-04-06,176.179993
2009-04-07,170.136993
2009-04-08,171.78100600000002
2009-04-09,194.936005
2009-04-13,202.854996
2009-04-14,188.011002
2009-04-15,197.686005
2009-04-16,199.244995
2009-04-17,201.348999
2009-04-20,180.054001
2009-04-21,194.51800500000002
2009-04-22,187.46000700000002
2009-04-23,194.363007
2009-04-24,199.184006
2009-04-27,192.884995
2009-04-28,190.64399699999998
2009-04-29,199.33999599999999
2009-04-30,197.787994
2009-05-01,194.487
2009-05-04,211.994003
2009-05-05,209.020996
2009-05-06,222.71299700000003
2009-05-07,215.01499900000002
2009-05-08,231.61300699999998
2009-05-11,217.431
2009-05-12,213.92799399999998
2009-05-13,203.281998
2009-05-14,210.481995
2009-05-15,205.397995
2009-05-18,219.24499500000002
2009-05-19,213.306
2009-05-20,208.787994
2009-05-21,209.190994
2009-05-22,206.695007
2009-05-26,215.184006
2009-05-27,206.959
2009-05-28,213.32299799999998
2009-05-29,217.160995
2009-06-01,219.06799300000003
2009-06-02,217.201996
2009-06-03,214.457001
2009-06-04,221.979996
2009-06-05,219.11099199999998
2009-06-08,220.80099500000003
2009-06-09,221.602005
2009-06-10,218.686996
2009-06-11,219.843002
2009-06-12,221.10299700000002
2009-06-15,214.83799700000003
2009-06-16,211.32299799999998
2009-06-17,206.692993
2009-06-18,210.97099300000002
2009-06-19,214.186005
2009-06-22,202.33999599999999
2009-06-23,205.216995
2009-06-24,207.384003
2009-06-25,210.876999
2009-06-26,212.266998
2009-06-29,214.61999500000002
2009-06-30,212.69500699999998
2009-07-01,212.274002
2009-07-02,203.830002
2009-07-06,205.817993
2009-07-07,201.55200200000002
2009-07-08,198.641998
2009-07-09,200.860001
2009-07-10,198.574997
2009-07-13,210.17700200000002
2009-07-14,209.671997
2009-07-15,217.766006
2009-07-16,217.835007
2009-07-17,215.895996
2009-07-20,218.266998
2009-07-21,216.628006
2009-07-22,216.73500099999998
2009-07-23,222.934006
2009-07-24,222.518997
2009-07-27,225.847
2009-07-28,225.13900800000002
2009-07-29,224.395004
2009-07-30,229.585007
2009-07-31,231.173996
2009-08-03,237.020004
2009-08-04,241.97799700000002
2009-08-05,249.020996
2009-08-06,247.44599900000003
2009-08-07,254.31799300000003
2009-08-10,252.40600600000002
2009-08-11,244.309006
2009-08-12,248.787994
2009-08-13,252.737
2009-08-14,251.097
2009-08-17,241.016006
2009-08-18,245.188995
2009-08-19,245.123993
2009-08-20,251.11000099999998
2009-08-21,256.43701200000004
2009-08-24,254.09199500000003
2009-08-25,256.839996
2009-08-26,256.742004
2009-08-27,259.02099599999997
2009-08-28,259.47900400000003
2009-08-31,258.38501
2009-09-01,246.09199500000003
2009-09-02,243.604004
2009-09-03,248.84399399999998
2009-09-04,250.632996
2009-09-08,252.520004
2009-09-09,255.97799700000002
2009-09-10,258.177002
2009-09-11,256.450989
2009-09-14,259.975006
2009-09-15,260.35900899999996
2009-09-16,268.862
2009-09-17,267.64300499999996
2009-09-18,267.46200600000003
2009-09-21,265.08700600000003
2009-09-22,270.786011
2009-09-23,265.255005
2009-09-24,260.378998
2009-09-25,257.806
2009-09-28,266.466003
2009-09-29,264.885986
2009-09-30,263.434998
2009-10-01,252.998993
2009-10-02,252.528
2009-10-05,259.915009
2009-10-06,262.798004
2009-10-07,265.182007
2009-10-08,266.192993
2009-10-09,268.341003
2009-10-12,270.316986
2009-10-13,267.55899
2009-10-14,276.07901
2009-10-15,274.419006
2009-10-16,267.914001
2009-10-19,269.411987
2009-10-20,267.181
2009-10-21,262.44101
2009-10-22,269.42199700000003
2009-10-23,265.40100099999995
2009-10-26,259.37399300000004
2009-10-27,257.746002
2009-10-28,250.186996
2009-10-29,259.975006
2009-10-30,248.858994
2009-11-02,250.669006
2009-11-03,251.847
2009-11-04,248.42900099999997
2009-11-05,254.309006
2009-11-06,253.38400299999998
2009-11-09,262.197998
2009-11-10,260.889008
2009-11-11,264.25100699999996
2009-11-12,259.673004
2009-11-13,259.548004
2009-11-16,262.681
2009-11-17,262.821014
2009-11-18,264.865997
2009-11-19,259.889008
2009-11-20,258.53799399999997
2009-11-23,262.022003
2009-11-24,260.194
2009-11-25,259.85699500000004
2009-11-27,252.981995
2009-11-30,259.420013
2009-12-01,260.134003
2009-12-02,260.240997
2009-12-03,255.227005
2009-12-04,259.73098799999997
2009-12-07,256.079987
2009-12-08,254.08799700000003
2009-12-09,255.024994
2009-12-10,254.753006
2009-12-11,256.506012
2009-12-14,258.56298799999996
2009-12-15,254.69299300000003
2009-12-16,256.32800299999997
2009-12-17,252.419006
2009-12-18,255.88000499999998
2009-12-21,259.06399500000003
2009-12-22,260.138
2009-12-23,259.72699
2009-12-24,261.778015
2009-12-28,261.165009
2009-12-29,260.170013
2009-12-30,260.197998
2009-12-31,258.792999
2010-01-04,263.112
2010-01-05,266.240997
2010-01-06,266.906006
2010-01-07,271.871002
2010-01-08,270.78799399999997
2010-01-11,270.868988
2010-01-12,267.006012
2010-01-13,270.264008
2010-01-14,271.807007
2010-01-15,267.048004
2010-01-19,270.34899900000005
2010-01-20,269.700989
2010-01-21,262.881012
2010-01-22,255.257004
2010-01-25,256.39801
2010-01-26,252.623001
2010-01-27,257.996002
2010-01-28,256.34201
2010-01-29,254.67599500000003
2010-02-01,258.32800299999997
2010-02-02,260.91598500000003
2010-02-03,257.43798799999996
2010-02-04,247.41200299999997
2010-02-05,250.141006
2010-02-08,245.347
2010-02-09,247.56799300000003
2010-02-10,249.43299900000002
2010-02-11,250.229004
2010-02-12,250.005997
2010-02-16,256.075012
2010-02-17,257.040009
2010-02-18,258.565002
2010-02-19,259.70401
2010-02-22,262.27600099999995
2010-02-23,258.04098500000003
2010-02-24,262.160004
2010-02-25,261.385986
2010-02-26,262.727997
2010-03-01,263.78799399999997
2010-03-02,264.673004
2010-03-03,264.363007
2010-03-04,266.511993
2010-03-05,271.85199
2010-03-08,272.75100699999996
2010-03-09,273.43399
2010-03-10,276.364014
2010-03-11,278.72601299999997
2010-03-12,277.846985
2010-03-15,277.584991
2010-03-16,281.100006
2010-03-17,284.244995
2010-03-18,283.014008
2010-03-19,280.929993
2010-03-22,282.640015
2010-03-23,284.554993
2010-03-24,284.96200600000003
2010-03-25,286.057007
2010-03-26,286.208008
2010-03-29,286.695007
2010-03-30,284.95401
2010-03-31,285.20901499999997
2010-04-01,287.667999
2010-04-05,290.70401
2010-04-06,293.97601299999997
2010-04-07,292.240997
2010-04-08,294.342987
2010-04-09,295.89099100000004
2010-04-12,296.95901499999997
2010-04-13,297.35900899999996
2010-04-14,304.600006
2010-04-15,302.980011
2010-04-16,292.847992
2010-04-19,295.49798599999997
2010-04-20,299.369995
2010-04-21,298.675995
2010-04-22,300.81399500000003
2010-04-23,302.365997
2010-04-26,297.64599599999997
2010-04-27,288.207001
2010-04-28,291.432007
2010-04-29,298.18899500000003
2010-04-30,291.03299
2010-05-03,295.865997
2010-05-04,287.987
2010-05-05,286.156006
2010-05-06,274.596985
2010-05-07,270.919006
2010-05-10,285.738007
2010-05-11,284.56399500000003
2010-05-12,288.178009
2010-05-13,283.960999
2010-05-14,275.697998
2010-05-17,275.575989
2010-05-18,267.997009
2010-05-19,268.199005
2010-05-20,255.901993
2010-05-21,264.431
2010-05-24,257.638
2010-05-25,259.261993
2010-05-26,258.049011
2010-05-27,269.16598500000003
2010-05-28,264.0
2010-06-01,258.26001
2010-06-02,265.510986
2010-06-03,264.545013
2010-06-04,253.96699500000003
2010-06-07,249.44299300000003
2010-06-08,253.79699700000003
2010-06-09,251.878006
2010-06-10,260.399994
2010-06-11,261.51800499999996
2010-06-14,260.028992
2010-06-15,266.52999900000003
2010-06-16,266.35699500000004
2010-06-17,265.884003
2010-06-18,266.954987
2010-06-21,266.39599599999997
2010-06-22,262.13198900000003
2010-06-23,261.227997
2010-06-24,255.955002
2010-06-25,262.26599100000004
2010-06-28,260.01001
2010-06-29,249.854004
2010-06-30,247.15600600000002
2010-07-01,245.46099900000002
2010-07-02,243.05200200000002
2010-07-06,243.673004
2010-07-07,254.33999599999999
2010-07-08,256.22699
2010-07-09,260.584991
2010-07-12,260.39801
2010-07-13,267.028992
2010-07-14,264.636993
2010-07-15,263.98999
2010-07-16,252.75
2010-07-19,253.03300499999997
2010-07-20,256.257996
2010-07-21,251.457001
2010-07-22,259.346985
2010-07-23,261.52999900000003
2010-07-26,266.014008
2010-07-27,266.317993
2010-07-28,263.713989
2010-07-29,264.042999
2010-07-30,263.993988
2010-08-02,270.274994
2010-08-03,267.304993
2010-08-04,268.117004
2010-08-05,266.721985
2010-08-06,264.96701
2010-08-09,267.088013
2010-08-10,264.31601
2010-08-11,255.11999500000002
2010-08-12,253.57899500000002
2010-08-13,252.61500499999997
2010-08-16,252.40400699999998
2010-08-17,254.701996
2010-08-18,255.41700699999998
2010-08-19,249.451996
2010-08-20,248.744003
2010-08-23,247.294998
2010-08-24,243.518997
2010-08-25,244.600006
2010-08-26,242.42199700000003
2010-08-27,247.809998
2010-08-30,242.44999700000002
2010-08-31,244.343002
2010-09-01,253.348007
2010-09-02,255.80200200000002
2010-09-03,260.93899500000003
2010-09-07,254.975998
2010-09-08,257.194
2010-09-09,259.46200600000003
2010-09-10,259.902008
2010-09-13,265.282013
2010-09-14,263.242004
2010-09-15,264.49899300000004
2010-09-16,263.45300299999997
2010-09-17,262.627991
2010-09-20,268.102997
2010-09-21,265.196014
2010-09-22,261.261993
2010-09-23,256.553986
2010-09-24,263.625
2010-09-27,260.75698900000003
2010-09-28,261.72699
2010-09-29,260.011993
2010-09-30,259.899994
2010-10-01,262.074005
2010-10-04,260.472992
2010-10-05,266.34201
2010-10-06,265.903992
2010-10-07,264.85400400000003
2010-10-08,265.35699500000004
2010-10-11,265.122009
2010-10-12,268.04599
2010-10-13,268.819
2010-10-14,264.833008
2010-10-15,261.10900899999996
2010-10-18,266.697998
2010-10-19,263.10699500000004
2010-10-20,266.194
2010-10-21,265.59500099999997
2010-10-22,265.84500099999997
2010-10-25,265.02301
2010-10-26,265.207001
2010-10-27,265.419006
2010-10-28,264.64801
2010-10-29,264.45300299999997
2010-11-01,264.322998
2010-11-02,265.431
2010-11-03,267.647003
2010-11-04,276.303009
2010-11-05,281.369995
2010-11-08,279.205994
2010-11-09,273.33700600000003
2010-11-10,276.972992
2010-11-11,274.60101299999997
2010-11-12,270.30899
2010-11-15,271.110992
2010-11-16,265.653992
2010-11-17,264.667999
2010-11-18,268.23098799999997
2010-11-19,268.02099599999997
2010-11-22,264.846008
2010-11-23,260.85699500000004
2010-11-24,265.213989
2010-11-26,262.484985
2010-11-29,263.65499900000003
2010-11-30,261.674011
2010-12-01,267.049988
2010-12-02,273.558014
2010-12-03,274.403015
2010-12-06,274.053986
2010-12-07,273.85699500000004
2010-12-08,277.931
2010-12-09,280.928986
2010-12-10,283.57800299999997
2010-12-13,283.39099100000004
2010-12-14,281.01001
2010-12-15,278.40799
2010-12-16,278.222992
2010-12-17,278.91299399999997
2010-12-20,280.147003
2010-12-21,284.27999900000003
2010-12-22,287.41299399999997
2010-12-23,285.365997
2010-12-27,288.130005
2010-12-28,288.23199500000004
2010-12-29,287.660004
2010-12-30,286.87701400000003
2010-12-31,287.09201
2011-01-03,293.12600699999996
2011-01-04,291.842987
2011-01-05,295.174988
2011-01-06,293.60699500000004
2011-01-07,291.166992
2011-01-10,290.52999900000003
2011-01-11,291.869995
2011-01-12,296.06601
2011-01-13,294.93399
2011-01-14,299.60199
2011-01-18,298.02099599999997
2011-01-19,291.634003
2011-01-20,292.798004
2011-01-21,294.70300299999997
2011-01-24,294.72900400000003
2011-01-25,294.657013
2011-01-26,294.41299399999997
2011-01-27,296.907013
2011-01-28,291.389008
2011-01-31,294.015015
2011-02-01,299.700989
2011-02-02,297.58401499999997
2011-02-03,297.735992
2011-02-04,297.51800499999996
2011-02-07,301.86499
2011-02-08,303.673004
2011-02-09,301.67199700000003
2011-02-10,301.817993
2011-02-11,305.82901
2011-02-14,306.06601
2011-02-15,305.377991
2011-02-16,307.158997
2011-02-17,306.99301099999997
2011-02-18,307.700989
2011-02-22,298.950989
2011-02-23,297.253998
2011-02-24,296.48199500000004
2011-02-25,300.906006
2011-02-28,302.19101
2011-03-01,295.994995
2011-03-02,294.286987
2011-03-03,300.369995
2011-03-04,296.605011
2011-03-07,294.569
2011-03-08,300.570007
2011-03-09,300.10900899999996
2011-03-10,293.993988
2011-03-11,296.096008
2011-03-14,293.321014
2011-03-15,290.019989
2011-03-16,285.067993
2011-03-17,288.403015
2011-03-18,291.450012
2011-03-21,293.713989
2011-03-22,292.028992
2011-03-23,291.10101299999997
2011-03-24,292.554993
2011-03-25,293.319
2011-03-28,292.696991
2011-03-29,293.368988
2011-03-30,295.97399900000005
2011-03-31,295.390015
2011-04-01,297.799011
2011-04-04,297.951996
2011-04-05,297.752991
2011-04-06,300.924988
2011-04-07,299.40100099999995
2011-04-08,296.800995
2011-04-11,296.709991
2011-04-12,295.408997
2011-04-13,293.62399300000004
2011-04-14,291.86499
2011-04-15,292.45401
2011-04-18,288.56201200000004
2011-04-19,289.49798599999997
2011-04-20,290.674988
2011-04-21,292.307007
2011-04-25,292.093994
2011-04-26,293.988007
2011-04-27,295.667999
2011-04-28,297.950012
2011-04-29,297.324005
2011-05-02,296.47399900000005
2011-05-03,297.295013
2011-05-04,294.721008
2011-05-05,291.799011
2011-05-06,292.37399300000004
2011-05-09,292.192993
2011-05-10,295.06298799999996
2011-05-11,291.282013
2011-05-12,291.431
2011-05-13,287.390015
2011-05-16,287.06100499999997
2011-05-17,288.764008
2011-05-18,290.31298799999996
2011-05-19,290.658997
2011-05-20,286.707001
2011-05-23,282.910004
2011-05-24,282.56201200000004
2011-05-25,282.915009
2011-05-26,284.589996
2011-05-27,286.87399300000004
2011-05-31,289.765015
2011-06-01,280.196014
2011-06-02,280.65499900000003
2011-06-03,278.72900400000003
2011-06-06,273.70901499999997
2011-06-07,273.721008
2011-06-08,271.04098500000003
2011-06-09,273.415009
2011-06-10,270.846985
2011-06-13,273.210999
2011-06-14,275.178986
2011-06-15,269.542999
2011-06-16,270.89801
2011-06-17,272.99899300000004
2011-06-20,273.23400899999996
2011-06-21,276.71200600000003
2011-06-22,274.98098799999997
2011-06-23,272.265015
2011-06-24,270.433014
2011-06-27,273.191986
2011-06-28,274.38198900000003
2011-06-29,280.72699
2011-06-30,281.403992
2011-07-01,286.445007
2011-07-05,284.514008
2011-07-06,283.70401
2011-07-07,287.92099
2011-07-08,284.63198900000003
2011-07-11,277.096008
2011-07-12,276.557007
2011-07-13,276.850006
2011-07-14,274.457001
2011-07-15,274.22399900000005
2011-07-18,270.60101299999997
2011-07-19,274.256012
2011-07-20,276.807007
2011-07-21,282.55899
2011-07-22,282.117004
2011-07-25,279.825989
2011-07-26,279.557007
2011-07-27,272.85900899999996
2011-07-28,272.846008
2011-07-29,272.084991
2011-08-01,271.100006
2011-08-02,263.709991
2011-08-03,265.580994
2011-08-04,252.190994
2011-08-05,247.643997
2011-08-08,223.55499300000002
2011-08-09,241.751999
2011-08-10,226.40899700000003
2011-08-11,240.19200099999998
2011-08-12,237.348007
2011-08-15,245.17500299999998
2011-08-16,241.048004
2011-08-17,242.003006
2011-08-18,230.016006
2011-08-19,225.725006
2011-08-22,223.714005
2011-08-23,231.03500400000001
2011-08-24,236.819
2011-08-25,234.862
2011-08-26,237.55099500000003
2011-08-29,247.0
2011-08-30,245.645004
2011-08-31,248.20799300000002
2011-09-01,242.65499900000003
2011-09-02,233.53300499999997
2011-09-06,230.173004
2011-09-07,240.84100299999997
2011-09-08,235.882004
2011-09-09,228.626007
2011-09-12,231.121994
2011-09-13,232.72000099999997
2011-09-14,235.626999
2011-09-15,241.04200699999998
2011-09-16,241.399002
2011-09-19,235.354996
2011-09-20,234.84100299999997
2011-09-21,223.63499500000003
2011-09-22,217.27999900000003
2011-09-23,219.77999900000003
2011-09-26,227.55799900000002
2011-09-27,228.873001
2011-09-28,222.001999
2011-09-29,227.794006
2011-09-30,220.223007
2011-10-03,210.238998
2011-10-04,218.643005
2011-10-05,220.914993
2011-10-06,227.73500099999998
2011-10-07,219.794006
2011-10-10,230.80200200000002
2011-10-11,230.412994
2011-10-12,235.90800499999997
2011-10-13,231.30700699999997
2011-10-14,234.686005
2011-10-17,227.24000499999997
2011-10-18,237.83299300000002
2011-10-19,233.84100299999997
2011-10-20,237.55000299999998
2011-10-21,243.26400800000002
2011-10-24,248.82800299999997
2011-10-25,241.32400499999997
2011-10-26,245.505997
2011-10-27,259.635986
2011-10-28,258.96200600000003
2011-10-31,250.190994
2011-11-01,239.020004
2011-11-02,245.731995
2011-11-03,250.201996
2011-11-04,247.268005
2011-11-07,248.459
2011-11-08,252.84199500000003
2011-11-09,240.018997
2011-11-10,241.24099700000002
2011-11-11,246.600006
2011-11-14,241.710007
2011-11-15,243.07499700000002
2011-11-16,237.52600099999998
2011-11-17,232.94700600000002
2011-11-18,234.080002
2011-11-21,228.393005
2011-11-22,226.57899500000002
2011-11-23,220.19799799999998
2011-11-25,221.07299799999998
2011-11-28,227.49499500000002
2011-11-29,226.201004
2011-11-30,240.10299700000002
2011-12-01,238.059998
2011-12-02,240.84899900000002
2011-12-05,245.22399900000002
2011-12-06,244.938995
2011-12-07,247.632996
2011-12-08,239.272995
2011-12-09,244.669006
2011-12-12,239.02999900000003
2011-12-13,235.794998
2011-12-14,235.044998
2011-12-15,235.59599300000002
2011-12-16,237.112
2011-12-19,232.289993
2011-12-20,240.766006
2011-12-21,242.123993
2011-12-22,246.334
2011-12-23,248.09899900000002
2011-12-27,246.88699300000002
2011-12-28,243.01199300000002
2011-12-29,246.742996
2011-12-30,245.11500499999997
2012-01-03,250.71899399999998
2012-01-04,249.11999500000002
2012-01-05,252.31799300000003
2012-01-06,251.001007
2012-01-09,252.100006
2012-01-10,256.447998
2012-01-11,258.360992
2012-01-12,259.27999900000003
2012-01-13,257.49899300000004
2012-01-17,256.097992
2012-01-18,259.824005
2012-01-19,261.70300299999997
2012-01-20,263.26901200000003
2012-01-23,263.77600099999995
2012-01-24,263.588989
2012-01-25,264.480011
2012-01-26,262.62399300000004
2012-01-27,263.377991
2012-01-30,260.983002
2012-01-31,262.102997
2012-02-01,266.403015
2012-02-02,267.963989
2012-02-03,274.46200600000003
2012-02-06,273.22699
2012-02-07,273.093994
2012-02-08,274.677002
2012-02-09,274.06399500000003
2012-02-10,271.605011
2012-02-13,274.00100699999996
2012-02-14,271.509003
2012-02-15,270.091003
2012-02-16,273.949005
2012-02-17,275.40100099999995
2012-02-21,274.815002
2012-02-22,271.778015
2012-02-23,274.47000099999997
2012-02-24,273.679993
2012-02-27,275.58700600000003
2012-02-28,275.85598799999997
2012-02-29,274.666992
2012-03-01,277.64599599999997
2012-03-02,276.25201400000003
2012-03-05,275.62600699999996
2012-03-06,269.346008
2012-03-07,272.55899
2012-03-08,274.98999
2012-03-09,277.114014
2012-03-12,276.53799399999997
2012-03-13,286.153992
2012-03-14,285.98999
2012-03-15,290.487
2012-03-16,291.092987
2012-03-19,292.87399300000004
2012-03-20,293.261993
2012-03-21,292.036987
2012-03-22,288.326996
2012-03-23,290.799988
2012-03-26,295.269989
2012-03-27,292.782013
2012-03-28,293.49798599999997
2012-03-29,290.87600699999996
2012-03-30,292.053009
2012-04-02,294.362
2012-04-03,293.02999900000003
2012-04-04,288.596985
2012-04-05,288.153015
2012-04-09,283.899994
2012-04-10,277.884003
2012-04-11,282.09899900000005
2012-04-12,287.256012
2012-04-13,281.237
2012-04-16,283.46200600000003
2012-04-17,287.278015
2012-04-18,284.951996
2012-04-19,284.067993
2012-04-20,283.416992
2012-04-23,280.946014
2012-04-24,283.91299399999997
2012-04-25,287.00201400000003
2012-04-26,289.39099100000004
2012-04-27,289.576996
2012-04-30,287.85400400000003
2012-05-01,290.65100099999995
2012-05-02,288.29699700000003
2012-05-03,285.774994
2012-05-04,281.682007
2012-05-07,283.20401
2012-05-08,281.64801
2012-05-09,278.789001
2012-05-10,280.213989
2012-05-11,277.631012
2012-05-14,272.39599599999997
2012-05-15,271.059998
2012-05-16,267.550995
2012-05-17,261.713989
2012-05-18,258.858002
2012-05-21,261.967987
2012-05-22,263.791992
2012-05-23,264.87298599999997
2012-05-24,265.48199500000004
2012-05-25,264.450989
2012-05-29,267.917999
2012-05-30,262.09899900000005
2012-05-31,263.539001
2012-06-01,254.225006
2012-06-04,252.223007
2012-06-05,256.194
2012-06-06,263.29599
2012-06-07,262.584991
2012-06-08,265.52398700000003
2012-06-11,260.66598500000003
2012-06-12,264.574005
2012-06-13,263.049988
2012-06-14,266.377991
2012-06-15,269.636993
2012-06-18,268.819
2012-06-19,272.83401499999997
2012-06-20,273.450989
2012-06-21,267.45401
2012-06-22,270.024994
2012-06-25,264.903015
2012-06-26,266.42099
2012-06-27,269.27999900000003
2012-06-28,269.13198900000003
2012-06-29,275.83401499999997
2012-07-02,277.782013
2012-07-03,279.085999
2012-07-05,275.825012
2012-07-06,274.059998
2012-07-09,273.12701400000003
2012-07-10,270.925995
2012-07-11,272.368988
2012-07-12,270.467987
2012-07-13,277.083008
2012-07-16,276.68600499999997
2012-07-17,278.677002
2012-07-18,277.179993
2012-07-19,274.877991
2012-07-20,271.24899300000004
2012-07-23,269.175995
2012-07-24,267.98199500000004
2012-07-25,268.786011
2012-07-26,272.593994
2012-07-27,277.656006
2012-07-30,277.117004
2012-07-31,275.98999
2012-08-01,274.43701200000004
2012-08-02,272.450012
2012-08-03,278.492004
2012-08-06,278.661011
2012-08-07,279.79098500000003
2012-08-08,279.65100099999995
2012-08-09,279.359985
2012-08-10,279.550995
2012-08-13,279.463989
2012-08-14,279.511993
2012-08-15,280.420013
2012-08-16,282.10900899999996
2012-08-17,282.81601
2012-08-20,283.403015
2012-08-21,283.90100099999995
2012-08-22,283.367004
2012-08-23,280.975006
2012-08-24,282.552002
2012-08-27,282.47699
2012-08-28,282.403015
2012-08-29,283.144989
2012-08-30,281.615997
2012-08-31,283.118988
2012-09-04,284.036011
2012-09-05,283.65799
2012-09-06,289.74798599999997
2012-09-07,292.319
2012-09-10,290.06201200000004
2012-09-11,292.378998
2012-09-12,293.81298799999996
2012-09-13,300.25201400000003
2012-09-14,302.64801
2012-09-17,299.576996
2012-09-18,298.252991
2012-09-19,297.923004
2012-09-20,296.091003
2012-09-21,295.49301099999997
2012-09-24,295.363007
2012-09-25,291.205994
2012-09-26,289.12701400000003
2012-09-27,291.822998
2012-09-28,290.86801099999997
2012-10-01,291.96701
2012-10-02,292.664001
2012-10-03,294.919006
2012-10-04,298.52398700000003
2012-10-05,298.783997
2012-10-08,298.221008
2012-10-09,295.86801099999997
2012-10-10,296.01001
2012-10-11,297.528015
2012-10-12,293.822998
2012-10-15,296.803009
2012-10-16,298.66299399999997
2012-10-17,301.902008
2012-10-18,302.338013
2012-10-19,298.71200600000003
2012-10-22,298.511993
2012-10-23,294.110992
2012-10-24,294.112
2012-10-25,294.695007
2012-10-26,293.049988
2012-10-31,294.50201400000003
2012-11-01,298.152008
2012-11-02,296.191986
2012-11-05,295.636993
2012-11-06,298.804993
2012-11-07,289.608002
2012-11-08,287.285004
2012-11-09,287.846985
2012-11-12,287.93899500000003
2012-11-13,286.059998
2012-11-14,280.92099
2012-11-15,281.466003
2012-11-16,283.583008
2012-11-19,288.579987
2012-11-20,290.02099599999997
2012-11-21,290.31298799999996
2012-11-23,293.77999900000003
2012-11-26,292.747009
2012-11-27,290.35699500000004
2012-11-28,291.553009
2012-11-29,292.955994
2012-11-30,292.97900400000003
2012-12-03,292.112
2012-12-04,291.295013
2012-12-05,294.108002
2012-12-06,294.963989
2012-12-07,296.718994
2012-12-10,296.23098799999997
2012-12-11,297.427002
2012-12-12,298.378998
2012-12-13,296.565002
2012-12-14,295.65499900000003
2012-12-17,301.122009
2012-12-18,305.069
2012-12-19,303.36801099999997
2012-12-20,307.32901
2012-12-21,304.096008
2012-12-24,303.826996
2012-12-26,302.968994
2012-12-27,302.080994
2012-12-28,299.78799399999997
2012-12-31,303.783997
2013-01-02,312.165009
2013-01-03,311.93600499999997
2013-01-04,315.60699500000004
2013-01-07,314.82901
2013-01-08,314.161011
2013-01-09,314.246002
2013-01-10,317.614014
2013-01-11,316.77999900000003
2013-01-14,316.200012
2013-01-15,317.378998
2013-01-16,317.554993
2013-01-17,317.592987
2013-01-18,318.009003
2013-01-22,320.815002
2013-01-23,320.565002
2013-01-24,321.77301
2013-01-25,323.113007
2013-01-28,321.817993
2013-01-29,323.177002
2013-01-30,321.78799399999997
2013-01-31,321.62298599999997
2013-02-01,325.605011
2013-02-04,322.117004
2013-02-05,325.612
2013-02-06,326.450012
2013-02-07,324.99301099999997
2013-02-08,326.394989
2013-02-11,327.14599599999997
2013-02-12,329.442993
2013-02-13,328.87701400000003
2013-02-14,329.631012
2013-02-15,328.97601299999997
2013-02-19,331.48098799999997
2013-02-20,326.90499900000003
2013-02-21,324.463013
2013-02-22,328.18600499999997
2013-02-25,320.028992
2013-02-26,321.74798599999997
2013-02-27,326.414001
2013-02-28,325.924988
2013-03-01,326.718994
2013-03-04,329.319
2013-03-05,332.091003
2013-03-06,333.839996
2013-03-07,335.60598799999997
2013-03-08,336.747009
2013-03-11,338.838013
2013-03-12,336.914001
2013-03-13,338.00698900000003
2013-03-14,340.113007
2013-03-15,340.649994
2013-03-18,337.806
2013-03-19,336.119995
2013-03-20,338.24798599999997
2013-03-21,334.967987
2013-03-22,336.774994
2013-03-25,336.239014
2013-03-26,338.582001
2013-03-27,337.47699
2013-03-28,338.519989
2013-04-01,336.799988
2013-04-02,338.407013
2013-04-03,332.97000099999997
2013-04-04,335.957001
2013-04-05,335.04098500000003
2013-04-08,338.390015
2013-04-09,339.13198900000003
2013-04-10,342.967987
2013-04-11,344.071014
2013-04-12,342.62399300000004
2013-04-15,334.70401
2013-04-16,339.945007
2013-04-17,333.93798799999996
2013-04-18,331.03299
2013-04-19,335.458008
2013-04-22,335.674988
2013-04-23,341.088013
2013-04-24,343.221008
2013-04-25,344.636993
2013-04-26,343.16299399999997
2013-04-29,344.85101299999997
2013-04-30,346.450989
2013-05-01,342.565002
2013-05-02,345.737
2013-05-03,349.044006
2013-05-06,352.205994
2013-05-07,354.38198900000003
2013-05-08,356.56399500000003
2013-05-09,353.977997
2013-05-10,355.423004
2013-05-13,356.455994
2013-05-14,361.803009
2013-05-15,364.934998
2013-05-16,362.56201200000004
2013-05-17,367.213989
2013-05-20,367.492004
2013-05-21,368.165009
2013-05-22,363.653992
2013-05-23,361.169006
2013-05-24,361.516998
2013-05-28,364.194
2013-05-29,363.410004
2013-05-30,366.73400899999996
2013-05-31,361.291992
2013-06-03,361.838989
2013-06-04,358.690002
2013-06-05,353.072998
2013-06-06,358.18798799999996
2013-06-07,363.031006
2013-06-10,363.445007
2013-06-11,357.487
2013-06-12,354.033997
2013-06-13,360.734985
2013-06-14,357.011993
2013-06-17,360.01800499999996
2013-06-18,362.494995
2013-06-19,357.22601299999997
2013-06-20,349.24899300000004
2013-06-21,349.846008
2013-06-24,344.20901499999997
2013-06-25,350.308014
2013-06-26,353.636993
2013-06-27,358.33401499999997
2013-06-28,356.260986
2013-07-01,358.242004
2013-07-02,358.52099599999997
2013-07-03,357.628998
2013-07-05,363.082001
2013-07-08,365.165009
2013-07-09,368.084991
2013-07-10,366.035004
2013-07-11,369.886993
2013-07-12,372.300995
2013-07-15,373.682007
2013-07-16,372.075989
2013-07-17,373.819
2013-07-18,378.450989
2013-07-19,378.34201
2013-07-22,380.882996
2013-07-23,379.899994
2013-07-24,376.450989
2013-07-25,377.36499
2013-07-26,376.877991
2013-07-29,374.213989
2013-07-30,374.197998
2013-07-31,373.167999
2013-08-01,379.12600699999996
2013-08-02,379.20300299999997
2013-08-05,378.333008
2013-08-06,375.347992
2013-08-07,372.511993
2013-08-08,373.415009
2013-08-09,372.68399
2013-08-12,371.027008
2013-08-13,371.855011
2013-08-14,370.636993
2013-08-15,364.968994
2013-08-16,363.76800499999996
2013-08-19,359.29098500000003
2013-08-20,362.871002
2013-08-21,360.951996
2013-08-22,364.72601299999997
2013-08-23,365.358002
2013-08-26,363.141998
2013-08-27,355.18600499999997
2013-08-28,355.463989
2013-08-29,356.553986
2013-08-30,354.378998
2013-09-03,356.716003
2013-09-04,359.197998
2013-09-05,359.66598500000003
2013-09-06,359.99899300000004
2013-09-09,364.195007
2013-09-10,368.289001
2013-09-11,369.022003
2013-09-12,366.614014
2013-09-13,367.585999
2013-09-16,371.175995
2013-09-17,373.02301
2013-09-18,377.118988
2013-09-19,375.37399300000004
2013-09-20,373.713989
2013-09-23,369.065002
2013-09-24,367.10699500000004
2013-09-25,368.60900899999996
2013-09-26,368.950012
2013-09-27,367.589996
2013-09-30,365.032013
2013-10-01,368.17099
2013-10-02,367.596008
2013-10-03,364.440002
2013-10-04,367.27099599999997
2013-10-07,363.23400899999996
2013-10-08,358.471008
2013-10-09,359.42099
2013-10-10,369.48999
2013-10-11,372.075989
2013-10-14,373.652008
2013-10-15,370.97399900000005
2013-10-16,378.49301099999997
2013-10-17,382.281006
2013-10-18,383.432007
2013-10-21,382.74899300000004
2013-10-22,383.62399300000004
2013-10-23,381.056
2013-10-24,382.052002
2013-10-25,383.64300499999996
2013-10-28,383.053986
2013-10-29,383.91598500000003
2013-10-30,381.85400400000003
2013-10-31,377.61801099999997
2013-11-01,378.772003
2013-11-04,378.888
2013-11-05,377.024994
2013-11-06,378.277008
2013-11-07,373.742004
2013-11-08,380.85101299999997
2013-11-11,381.289001
2013-11-12,378.261993
2013-11-13,381.295013
2013-11-14,384.31298799999996
2013-11-15,385.933014
2013-11-18,385.306
2013-11-19,385.13501
2013-11-20,383.946014
2013-11-21,389.16299399999997
2013-11-22,390.863007
2013-11-25,391.075012
2013-11-26,390.847992
2013-11-27,392.329987
2013-11-29,390.803986
2013-12-02,389.917999
2013-12-03,386.631012
2013-12-04,387.27099599999997
2013-12-05,384.539001
2013-12-06,389.45901499999997
2013-12-09,390.752991
2013-12-10,389.399994
2013-12-11,384.49798599999997
2013-12-12,384.240997
2013-12-13,384.925995
2013-12-16,387.002991
2013-12-17,385.679993
2013-12-18,393.869995
2013-12-19,392.72000099999997
2013-12-20,394.93701200000004
2013-12-23,397.264008
2013-12-24,398.002991
2013-12-26,398.65100099999995
2013-12-27,398.27999900000003
2013-12-30,398.06298799999996
2013-12-31,399.51800499999996
2014-01-02,397.112
2014-01-03,399.294006
2014-01-06,399.464996
2014-01-07,400.246002
2014-01-08,401.200989
2014-01-09,402.338013
2014-01-10,402.07901
2014-01-13,396.45300299999997
2014-01-14,399.673004
2014-01-15,403.721008
2014-01-16,401.641998
2014-01-17,400.897003
2014-01-21,401.737
2014-01-22,402.755005
2014-01-23,396.713989
2014-01-24,387.589996
2014-01-27,384.510986
2014-01-28,389.35199
2014-01-29,385.089996
2014-01-30,390.218994
2014-01-31,385.783997
2014-02-03,376.261993
2014-02-04,379.783997
2014-02-05,379.34201
2014-02-06,384.37701400000003
2014-02-07,388.960999
2014-02-10,389.63198900000003
2014-02-11,393.18399
2014-02-12,393.25201400000003
2014-02-13,394.843994
2014-02-14,395.68399
2014-02-18,396.64300499999996
2014-02-19,391.85900899999996
2014-02-20,392.674988
2014-02-21,392.925995
2014-02-24,395.971985
2014-02-25,394.234985
2014-02-26,394.050995
2014-02-27,395.917999
2014-02-28,398.002991
2014-03-03,394.70901499999997
2014-03-04,402.285004
2014-03-05,404.144989
2014-03-06,406.272003
2014-03-07,407.739014
2014-03-10,407.64099100000004
2014-03-11,405.47900400000003
2014-03-12,405.286011
2014-03-13,400.714996
2014-03-14,399.10900899999996
2014-03-17,402.949005
2014-03-18,405.113007
2014-03-19,403.649994
2014-03-20,409.108002
2014-03-21,409.075989
2014-03-24,408.009003
2014-03-25,407.783997
2014-03-26,403.674988
2014-03-27,401.45300299999997
2014-03-28,402.669006
2014-03-31,406.99899300000004
2014-04-01,408.682007
2014-04-02,409.06399500000003
2014-04-03,408.50201400000003
2014-04-04,403.46200600000003
2014-04-07,397.899994
2014-04-08,398.53799399999997
2014-04-09,401.906006
2014-04-10,392.89801
2014-04-11,388.255005
2014-04-14,391.449005
2014-04-15,394.824005
2014-04-16,398.51001
2014-04-17,398.701996
2014-04-21,398.76599100000004
2014-04-22,401.431
2014-04-23,401.830994
2014-04-24,401.60101299999997
2014-04-25,397.325012
2014-04-28,395.708008
2014-04-29,398.842987
2014-04-30,400.058014
2014-05-01,400.68899500000003
2014-05-02,400.721008
2014-05-05,399.47601299999997
2014-05-06,394.380005
2014-05-07,399.14801
2014-05-08,399.860992
2014-05-09,399.669006
2014-05-12,403.714996
2014-05-13,402.800995
2014-05-14,399.608002
2014-05-15,395.494995
2014-05-16,396.282013
2014-05-19,398.39300499999996
2014-05-20,395.695007
2014-05-21,398.527008
2014-05-22,399.80899
2014-05-23,401.181
2014-05-27,404.924988
2014-05-28,403.802002
2014-05-29,404.658997
2014-05-30,405.34500099999997
2014-06-02,406.571014
2014-06-03,406.753998
2014-06-04,408.22699
2014-06-05,412.149994
2014-06-06,414.64898700000003
2014-06-09,415.64300499999996
2014-06-10,415.286987
2014-06-11,412.545013
2014-06-12,410.363007
2014-06-13,410.45300299999997
2014-06-16,408.669006
2014-06-17,412.291992
2014-06-18,414.718994
2014-06-19,414.128998
2014-06-20,415.255005
2014-06-23,416.028992
2014-06-24,413.235992
2014-06-25,413.85400400000003
2014-06-26,412.556
2014-06-27,413.730011
2014-06-30,413.97699
2014-07-01,416.72601299999997
2014-07-02,416.319
2014-07-03,419.097992
2014-07-07,417.092987
2014-07-08,413.98098799999997
2014-07-09,414.992004
2014-07-10,412.697998
2014-07-11,413.178986
2014-07-14,415.716003
2014-07-15,418.105011
2014-07-16,417.459991
2014-07-17,412.235992
2014-07-18,416.588989
2014-07-21,415.56201200000004
2014-07-22,417.072998
2014-07-23,417.843994
2014-07-24,418.841003
2014-07-25,415.927002
2014-07-28,416.093994
2014-07-29,413.679993
2014-07-30,415.036987
2014-07-31,407.028992
2014-08-01,404.18399
2014-08-04,407.02999900000003
2014-08-05,403.394989
2014-08-06,404.743988
2014-08-07,402.734985
2014-08-08,406.428009
2014-08-11,407.31399500000003
2014-08-12,407.545013
2014-08-13,410.075989
2014-08-14,411.94101
2014-08-15,410.320007
2014-08-18,414.822998
2014-08-19,415.403992
2014-08-20,416.580994
2014-08-21,420.47500599999995
2014-08-22,418.971008
2014-08-25,421.77600099999995
2014-08-26,423.005005
2014-08-27,422.38598600000006
2014-08-28,420.539001
2014-08-29,422.43301399999996
2014-09-02,424.02499400000005
2014-09-03,423.453003
2014-09-04,423.26000999999997
2014-09-05,424.253998
2014-09-08,424.278992
2014-09-09,420.38699299999996
2014-09-10,421.76000999999997
2014-09-11,422.66101100000003
2014-09-12,421.10699500000004
2014-09-15,420.88699299999996
2014-09-16,422.52099599999997
2014-09-17,423.954987
2014-09-18,427.678009
2014-09-19,426.06100499999997
2014-09-22,422.72500599999995
2014-09-23,419.574005
2014-09-24,421.98098799999997
2014-09-25,415.552002
2014-09-26,419.283997
2014-09-29,417.622009
2014-09-30,416.591003
2014-10-01,412.235992
2014-10-02,412.908997
2014-10-03,418.31298799999996
2014-10-06,417.730011
2014-10-07,410.718994
2014-10-08,418.071014
2014-10-09,409.96701
2014-10-10,406.65499900000003
2014-10-13,403.615997
2014-10-14,405.928009
2014-10-15,398.996002
2014-10-16,399.575012
2014-10-17,404.165009
2014-10-20,406.93399
2014-10-21,414.5
2014-10-22,411.096985
2014-10-23,414.951996
2014-10-24,417.89300499999996
2014-10-27,418.76901200000003
2014-10-28,423.59399400000007
2014-10-29,423.873993
2014-10-30,427.82000700000003
2014-10-31,433.053986
2014-11-03,434.257996
2014-11-04,434.64599599999997
2014-11-05,437.550995
2014-11-06,437.747986
2014-11-07,438.10900899999996
2014-11-10,439.985992
2014-11-11,439.002014
2014-11-12,438.22500599999995
2014-11-13,437.88500999999997
2014-11-14,436.203003
2014-11-17,436.22500599999995
2014-11-18,437.255005
2014-11-19,436.26998899999995
2014-11-20,436.953003
2014-11-21,438.97699000000006
2014-11-24,441.630005
2014-11-25,441.332001
2014-11-26,442.42700199999996
2014-11-28,442.424988
2014-12-01,439.158997
2014-12-02,443.097992
2014-12-03,444.97799699999996
2014-12-04,445.47500599999995
2014-12-05,449.29599
2014-12-08,450.575012
2014-12-09,449.994995
2014-12-10,443.93600499999997
2014-12-11,445.528992
2014-12-12,436.704987
2014-12-15,433.036987
2014-12-16,429.196014
2014-12-17,438.93499800000006
2014-12-18,448.45401
2014-12-19,448.51501500000006
2014-12-22,451.33898899999997
2014-12-23,453.73901399999994
2014-12-24,453.17999299999997
2014-12-26,453.27398700000003
2014-12-29,454.69100999999995
2014-12-30,454.02499400000005
2014-12-31,448.56500199999994
2015-01-02,449.087006
2015-01-05,440.625
2015-01-06,434.98498499999994
2015-01-07,439.798004
2015-01-08,445.842987
2015-01-09,440.237
2015-01-12,437.19799800000004
2015-01-13,436.006012
2015-01-14,430.824005
2015-01-15,426.02801500000004
2015-01-16,431.14800999999994
2015-01-20,429.300995
2015-01-21,429.946991
2015-01-22,439.94500700000003
2015-01-23,436.14999400000005
2015-01-26,438.471008
2015-01-27,433.958008
2015-01-28,426.18899500000003
2015-01-29,429.722992
2015-01-30,423.67099
2015-02-02,429.56399500000003
2015-02-03,436.68899500000003
2015-02-04,435.73199500000004
2015-02-05,440.639008
2015-02-06,441.796997
2015-02-09,439.792999
2015-02-10,442.47198499999996
2015-02-11,442.458008
2015-02-12,447.626007
2015-02-13,447.178986
2015-02-17,448.58898899999997
2015-02-18,446.31298799999996
2015-02-19,444.32000700000003
2015-02-20,448.06399500000003
2015-02-23,446.964996
2015-02-24,448.10900899999996
2015-02-25,448.39498899999995
2015-02-26,446.95599400000003
2015-02-27,445.31600999999995
2015-03-02,449.17999299999997
2015-03-03,447.80899000000005
2015-03-04,444.64199800000006
2015-03-05,446.377991
2015-03-06,442.201996
2015-03-09,444.38500999999997
2015-03-10,435.90100099999995
2015-03-11,438.278992
2015-03-12,447.378998
2015-03-13,444.27499400000005
2015-03-16,449.208008
2015-03-17,448.380005
2015-03-18,451.096008
2015-03-19,447.471008
2015-03-20,453.47000099999997
2015-03-23,451.660004
2015-03-24,448.14099100000004
2015-03-25,441.329987
2015-03-26,440.665985
2015-03-27,440.040009
2015-03-30,445.76998899999995
2015-03-31,442.931
2015-04-01,442.22900400000003
2015-04-02,444.709991
2015-04-06,445.381989
2015-04-07,443.248993
2015-04-08,445.01699800000006
2015-04-09,444.66101100000003
2015-04-10,444.73098799999997
2015-04-13,445.535004
2015-04-14,445.81298799999996
2015-04-15,447.199005
2015-04-16,447.58099400000003
2015-04-17,441.80999800000006
2015-04-20,443.97900400000003
2015-04-21,442.34200999999996
2015-04-22,445.865997
2015-04-23,446.283997
2015-04-24,445.325012
2015-04-27,443.622009
2015-04-28,445.944
2015-04-29,445.453003
2015-04-30,441.64099100000004
2015-05-01,444.709015
2015-05-04,448.382996
2015-05-05,444.462006
2015-05-06,442.48498499999994
2015-05-07,445.665985
2015-05-08,451.89401200000003
2015-05-11,450.13598600000006
2015-05-12,448.829987
2015-05-13,448.740997
2015-05-14,453.210999
2015-05-15,451.51098600000006
2015-05-18,454.06100499999997
2015-05-19,456.459991
2015-05-20,454.96700999999996
2015-05-21,453.71398899999997
2015-05-22,453.30499299999997
2015-05-26,449.30200199999996
2015-05-27,453.373993
2015-05-28,452.971008
2015-05-29,448.93200700000006
2015-06-01,450.04400599999997
2015-06-02,450.575012
2015-06-03,452.88598600000006
2015-06-04,449.371002
2015-06-05,451.242004
2015-06-08,448.696014
2015-06-09,449.64001500000006
2015-06-10,456.21899400000007
2015-06-11,457.681
2015-06-12,455.98498499999994
2015-06-15,453.93200700000006
2015-06-16,456.60998499999994
2015-06-17,456.10998499999994
2015-06-18,460.377014
2015-06-19,456.428986
2015-06-22,459.384003
2015-06-23,460.545013
2015-06-24,456.69000199999994
2015-06-25,453.716003
2015-06-26,455.22601299999997
2015-06-29,444.34399400000007
2015-06-30,446.15301500000004
2015-07-01,451.868988
2015-07-02,450.35900899999996
2015-07-06,449.428986
2015-07-07,450.11499000000003
2015-07-08,443.003998
2015-07-09,445.712006
2015-07-10,451.200989
2015-07-13,455.540009
2015-07-14,457.19198600000004
2015-07-15,459.85299699999996
2015-07-16,463.924988
2015-07-17,462.90301500000004
2015-07-20,464.084991
2015-07-21,463.11300700000004
2015-07-22,466.05499299999997
2015-07-23,462.06799299999994
2015-07-24,459.324005
2015-07-27,455.907013
2015-07-28,457.946014
2015-07-29,461.81698600000004
2015-07-30,462.43399000000005
2015-07-31,460.673004
2015-08-03,461.22699000000006
2015-08-04,460.43399000000005
2015-08-05,461.162994
2015-08-06,459.17999299999997
2015-08-07,459.420013
2015-08-10,463.81600999999995
2015-08-11,459.93701200000004
2015-08-12,456.667999
2015-08-13,457.97601299999997
2015-08-14,461.130005
2015-08-17,462.28100599999993
2015-08-18,461.868988
2015-08-19,457.98800700000004
2015-08-20,448.914001
2015-08-21,435.751007
2015-08-24,415.73999
2015-08-25,408.950012
2015-08-26,423.89099100000004
2015-08-27,434.420013
2015-08-28,433.27300999999994
2015-08-31,429.699005
2015-09-01,415.625
2015-09-02,421.34899900000005
2015-09-03,423.43499800000006
2015-09-04,415.847992
2015-09-09,420.242004
2015-09-10,422.10501100000005
2015-09-11,424.128998
2015-09-14,422.97500599999995
2015-09-15,428.56799299999994
2015-09-16,431.410004
2015-09-17,427.089996
2015-09-18,419.575989
2015-09-21,424.10501100000005
2015-09-22,418.65100099999995
2015-09-23,419.51501500000006
2015-09-24,416.664001
2015-09-25,421.40499900000003
2015-09-28,411.088989
2015-09-29,412.72399900000005
2015-09-30,418.007996
2015-10-02,419.042999
2015-10-05,427.81399500000003
2015-10-06,426.005005
2015-10-07,429.93600499999997
2015-10-08,432.44799800000004
2015-10-09,430.339996
2015-10-12,431.582001
2015-10-13,428.71398899999997
2015-10-14,424.44799800000004
2015-10-15,433.23400899999996
2015-10-16,435.05200199999996
2015-10-19,435.696991
2015-10-20,437.627014
2015-10-21,434.040009
2015-10-22,440.94799800000004
2015-10-23,445.071991
2015-10-26,444.02600099999995
2015-10-27,441.131012
2015-10-28,451.002014
2015-10-29,449.196991
2015-11-02,449.63500999999997
2015-11-03,449.700989
2015-11-04,448.39700300000004
2015-11-05,450.627014
2015-11-06,453.950989
2015-11-09,448.714996
2015-11-10,450.920013
2015-11-11,450.033997
2015-11-12,442.837006
2015-11-13,439.19198600000004
2015-11-16,444.43701200000004
2015-11-17,443.63699299999996
2015-11-18,451.247009
2015-11-19,451.583008
2015-11-20,452.708008
2015-11-23,451.56698600000004
2015-11-24,450.42700199999996
2015-11-25,450.652008
2015-11-27,452.217987
2015-11-30,450.80200199999996
2015-12-01,455.872986
2015-12-02,450.096008
2015-12-03,443.25
2015-12-04,454.14
2015-12-07,450.08
2015-12-08,444.83
2015-12-09,439.83
2015-12-10,440.05
2015-12-11,431.05
2015-12-14,431.44
2015-12-15,440.73
2015-12-16,447.6
2015-12-17,441.26
2015-12-18,431.04
2015-12-21,434.69
2015-12-22,438.13
2015-12-23,443.51
2015-12-24,443.37
2015-12-28,442.79
2015-12-29,447.09
2015-12-30,443.46
2015-12-31,439.37
2016-01-04,430.75
2016-01-05,432.65
2016-01-06,426.51
2016-01-07,415.05
2016-01-08,408.71
2016-01-11,410.18
2016-01-12,411.85
2016-01-13,401.42
2016-01-14,405.18
2016-01-15,396.4
2016-01-19,395.62
2016-01-20,387.93
2016-01-21,387.26
2016-01-22,395.08
2016-01-25,386.41
2016-01-26,393.39
2016-01-27,391.2
2016-01-28,391.07
2016-01-29,402.91
2016-02-01,401.02
2016-02-02,391.25
2016-02-03,391.8
2016-02-04,394.51
2016-02-05,388.54
2016-02-08,378.21
2016-02-09,377.42
2016-02-10,376.83
2016-02-11,366.59
2016-02-12,379.76
2016-02-16,386.56
2016-02-17,391.13
2016-02-18,389.12
2016-02-19,389.79
2016-02-22,395.38
2016-02-23,388.87
2016-02-24,388.35
2016-02-25,394.0
2016-02-26,395.92
2016-02-29,392.08
2016-03-01,405.3
2016-03-02,408.61
2016-03-03,411.24
2016-03-04,412.83
2016-03-07,412.28
2016-03-08,405.43
2016-03-09,406.01
2016-03-10,405.58
2016-03-11,415.88
2016-03-14,414.24
2016-03-15,413.49
2016-03-16,413.64
2016-03-17,418.65
2016-03-18,422.23
2016-03-21,421.47
2016-03-22,420.29
2016-03-23,417.28
2016-03-24,415.09
2016-03-28,416.35
2016-03-29,418.19
2016-03-30,420.74
2016-03-31,420.24
2016-04-01,423.31
2016-04-04,421.15
2016-04-05,415.44
2016-04-06,417.96
2016-04-07,410.52
2016-04-08,412.28
2016-04-11,413.39
2016-04-12,418.62
2016-04-13,427.18
2016-04-14,428.18
2016-04-15,427.5
2016-04-18,430.41
2016-04-19,434.15
2016-04-20,437.1
2016-04-21,432.86
2016-04-22,436.46
2016-04-25,435.32
2016-04-26,438.27
2016-04-27,438.72
2016-04-28,434.08
2016-04-29,431.41
2016-05-02,436.18
2016-05-03,430.54
2016-05-04,427.97
2016-05-05,427.79
2016-05-06,429.67
2016-05-09,429.59
2016-05-10,434.92
2016-05-11,429.85
2016-05-12,430.61
2016-05-13,425.49
2016-05-16,428.23
2016-05-17,424.76
2016-05-18,431.44
2016-05-19,427.39
2016-05-20,430.5
2016-05-23,429.89
2016-05-24,436.83
2016-05-25,440.52
2016-05-26,438.43
2016-05-27,441.58
2016-05-31,440.28
2016-06-01,441.49
2016-06-02,442.51
2016-06-03,437.27
2016-06-06,439.48
2016-06-07,438.5
2016-06-08,439.88
2016-06-09,436.89
2016-06-10,431.57
2016-06-13,427.79
2016-06-14,422.29
2016-06-15,422.66
2016-06-16,423.81
2016-06-17,423.12
2016-06-20,425.68
2016-06-21,427.55
2016-06-22,426.85
2016-06-23,435.49
2016-06-24,414.02
2016-06-27,402.78
2016-06-28,412.36
2016-06-29,421.42
2016-06-30,426.76
2016-07-01,424.92
2016-07-05,419.34
2016-07-06,420.39
2016-07-07,420.74
2016-07-08,428.26
2016-07-11,430.85
2016-07-12,435.83
2016-07-13,436.04
2016-07-14,439.29
2016-07-15,438.8
2016-07-18,440.14
2016-07-19,440.78
2016-07-20,441.57
2016-07-21,439.8
2016-07-22,442.87
2016-07-25,441.58
2016-07-26,442.01
2016-07-27,441.52
2016-07-28,443.16
2016-07-29,442.61
2016-08-01,441.67
2016-08-02,437.91
2016-08-03,441.51
2016-08-04,440.48
2016-08-05,448.02
2016-08-08,448.3
2016-08-09,448.87
2016-08-10,445.86
2016-08-11,446.15
2016-08-12,445.43
2016-08-15,447.99
2016-08-16,446.29
2016-08-17,447.65
2016-08-18,447.53
2016-08-19,446.97
2016-08-22,447.46
2016-08-23,448.12
2016-08-24,447.29
2016-08-25,448.56
2016-08-26,448.69
2016-08-29,452.73
2016-08-30,455.92
2016-08-31,456.17
2016-09-01,454.6
2016-09-02,457.31
2016-09-06,456.51
2016-09-07,457.38
2016-09-08,456.39
2016-09-09,447.08
2016-09-12,452.33
2016-09-13,444.18
2016-09-14,442.71
2016-09-15,445.79
2016-09-16,442.29
2016-09-19,444.97
2016-09-20,445.07
2016-09-21,448.78
2016-09-22,451.98
2016-09-23,449.78
2016-09-26,444.94
2016-09-27,446.59
2016-09-28,448.93
2016-09-29,442.65
2016-09-30,446.67
2016-10-03,443.53
2016-10-04,443.05
2016-10-05,445.76
2016-10-06,445.94
2016-10-07,445.84
2016-10-10,448.12
2016-10-11,443.53
2016-10-12,445.37
2016-10-13,442.39
2016-10-14,443.71
2016-10-17,442.53
2016-10-18,445.38
2016-10-19,448.68
2016-10-20,447.93
2016-10-21,447.83
2016-10-24,449.63
2016-10-25,448.32
2016-10-26,448.64
2016-10-27,446.69
2016-10-28,445.99
2016-10-31,447.38
2016-11-01,443.49
2016-11-02,439.15
2016-11-03,439.01
2016-11-04,438.23
2016-11-07,448.56
2016-11-08,449.45
2016-11-09,460.43
2016-11-10,470.02
2016-11-11,472.31
2016-11-14,480.64
2016-11-15,480.66
2016-11-16,476.52
2016-11-17,480.2
2016-11-18,480.83
2016-11-21,482.22
2016-11-22,484.06
2016-11-23,485.25
2016-11-25,486.88
2016-11-28,481.71
2016-11-29,483.47
2016-11-30,485.84
2016-12-01,489.38
2016-12-02,487.28
2016-12-05,492.93
2016-12-06,496.79
2016-12-07,505.21
2016-12-08,509.39
2016-12-09,509.64
2016-12-12,506.42
2016-12-13,507.35
2016-12-14,502.87
2016-12-15,506.02
2016-12-16,503.88
2016-12-19,505.66
2016-12-20,510.07
2016-12-21,507.72
2016-12-22,506.62
2016-12-23,507.43
2016-12-27,508.16
2016-12-28,503.2
2016-12-29,501.78
2016-12-30,503.34
2017-01-03,507.73
2017-01-04,513.07
2017-01-05,509.85
2017-01-06,511.39
2017-01-09,507.34
2017-01-10,507.91
2017-01-11,509.34
2017-01-12,506.81
2017-01-13,508.79
2017-01-17,501.16
2017-01-18,504.34
2017-01-19,501.1
2017-01-20,503.69
2017-01-23,502.54
2017-01-24,507.39
2017-01-25,512.87
2017-01-26,513.71
2017-01-27,511.07
2017-01-30,507.65
2017-01-31,505.8
2017-02-01,504.61
2017-02-02,504.2
2017-02-03,513.07
2017-02-06,511.26
2017-02-07,510.18
2017-02-08,508.14
2017-02-09,513.67
2017-02-10,515.3
2017-02-13,519.93
2017-02-14,524.08
2017-02-15,526.74
2017-02-16,526.78
2017-02-17,526.82
2017-02-21,530.13
2017-02-22,530.04
2017-02-23,531.19
2017-02-24,529.04
2017-02-27,531.12
2017-02-28,529.39
2017-03-01,540.14
2017-03-02,533.48
2017-03-03,534.73
2017-03-06,531.69
2017-03-07,530.01
2017-03-08,527.92
2017-03-09,527.64
2017-03-10,527.56
2017-03-13,528.02
2017-03-14,527.13
2017-03-15,528.89
2017-03-16,530.16
2017-03-17,526.85
2017-03-20,522.99
2017-03-21,511.07
2017-03-22,510.6
2017-03-23,512.27
2017-03-24,511.92
2017-03-27,509.38
2017-03-28,514.93
2017-03-29,513.17
2017-03-30,518.36
2017-03-31,516.29
2017-04-03,515.06
2017-04-04,514.33
2017-04-05,511.38
2017-04-06,514.26
2017-04-07,513.07
2017-04-10,512.93
2017-04-11,512.95
2017-04-12,509.27
2017-04-13,504.3
2017-04-17,511.81
2017-04-18,509.3
2017-04-19,508.47
2017-04-20,514.54
2017-04-21,511.03
2017-04-24,518.1
2017-04-25,521.49
2017-04-26,521.12
2017-04-27,519.33
2017-04-28,514.4
2017-05-01,517.0
2017-05-02,516.89
2017-05-03,517.44
2017-05-04,517.86
2017-05-05,518.24
2017-05-08,517.06
2017-05-09,514.62
2017-05-10,516.27
2017-05-11,513.46
2017-05-12,511.56
2017-05-15,515.17
2017-05-16,515.07
2017-05-17,503.85
2017-05-18,505.37
2017-05-19,509.22
2017-05-22,511.07
2017-05-23,514.35
2017-05-24,515.3
2017-05-25,516.57
2017-05-26,515.43
2017-05-30,512.17
2017-05-31,509.91
2017-06-01,515.19
2017-06-02,515.05
2017-06-05,514.84
2017-06-06,512.4
2017-06-07,515.85
2017-06-08,520.03
2017-06-09,527.42
2017-06-12,528.26
2017-06-13,530.62
2017-06-14,531.57
2017-06-15,530.21
2017-06-16,529.75
2017-06-19,533.53
2017-06-20,529.78
2017-06-21,526.3
2017-06-22,524.07
2017-06-23,523.4
2017-06-26,525.97
2017-06-27,526.86
2017-06-28,533.08
2017-06-29,533.56
2017-06-30,532.99
2017-07-03,539.33
2017-07-05,538.91
2017-07-06,533.75
2017-07-07,536.98
2017-07-10,535.52
2017-07-11,533.25
2017-07-12,535.46
2017-07-13,537.79
2017-07-14,537.41
2017-07-17,537.44
2017-07-18,536.46
2017-07-19,538.42
2017-07-20,537.82
2017-07-21,538.22
2017-07-24,539.59
2017-07-25,544.66
2017-07-26,542.75
2017-07-27,540.24
2017-07-28,540.0
2017-07-31,542.54
2017-08-01,546.47
2017-08-02,546.0
2017-08-03,543.66
2017-08-04,546.74
2017-08-07,546.06
2017-08-08,544.82
2017-08-09,543.93
2017-08-10,535.43
2017-08-11,533.09
2017-08-14,540.95
2017-08-15,541.33
2017-08-16,541.1
2017-08-17,532.92
2017-08-18,531.97
2017-08-21,532.41
2017-08-22,536.63
2017-08-23,536.52
2017-08-24,536.11
2017-08-25,537.69
2017-08-28,535.35
2017-08-29,533.28
2017-08-30,535.56
2017-08-31,536.34
2017-09-01,538.16
2017-09-05,528.65
2017-09-06,529.71
2017-09-07,524.62
2017-09-08,527.94
2017-09-11,536.43
2017-09-12,540.19
2017-09-13,540.08
2017-09-14,539.25
2017-09-15,541.27
2017-09-18,544.51
2017-09-19,546.61
2017-09-20,548.76
2017-09-21,549.21
2017-09-22,548.78
2017-09-25,547.95
2017-09-26,547.82
2017-09-27,552.62
2017-09-28,553.99
2017-09-29,555.61
2017-10-02,558.98
2017-10-03,560.26
2017-10-04,559.3
2017-10-05,563.92
2017-10-06,563.66
2017-10-09,562.51
2017-10-10,564.72
2017-10-11,564.91
2017-10-12,562.73
2017-10-13,562.82
2017-10-16,564.76
2017-10-17,562.32
2017-10-18,564.62
2017-10-19,564.93
2017-10-20,569.41
2017-10-23,567.85
2017-10-24,570.36
2017-10-25,568.16
2017-10-26,570.17
2017-10-27,570.76
2017-10-30,568.79
2017-10-31,568.03
2017-11-01,568.93
2017-11-02,572.97
2017-11-03,571.2
2017-11-06,572.35
2017-11-07,567.66
2017-11-08,566.15
2017-11-09,564.63
2017-11-10,563.6
2017-11-13,564.95
2017-11-14,564.86
2017-11-15,564.06
2017-11-16,565.28
2017-11-17,564.17
2017-11-20,566.15
2017-11-21,568.65
2017-11-22,566.47
2017-11-24,566.5
2017-11-27,566.08
2017-11-28,576.45
2017-11-29,582.52
2017-11-30,585.12
2017-12-01,585.75
2017-12-04,589.81
2017-12-05,586.71
2017-12-06,585.65
2017-12-07,587.92
2017-12-08,590.94
2017-12-11,590.05
2017-12-12,595.0
2017-12-13,589.53
2017-12-14,586.33
2017-12-15,592.02
2017-12-18,596.05
2017-12-19,591.49
2017-12-20,589.25
2017-12-21,592.58
2017-12-22,592.46
2017-12-26,591.58
2017-12-27,592.26
2017-12-28,594.48
2017-12-29,591.14
2018-01-02,590.38
2018-01-03,592.81
2018-01-04,595.3
2018-01-05,597.96
2018-01-08,598.19
2018-01-09,600.02
2018-01-10,602.22
2018-01-11,604.65
2018-01-12,607.97
2018-01-16,606.55
2018-01-17,611.52
2018-01-18,609.79
2018-01-19,614.05
2018-01-22,619.28
2018-01-23,621.01
2018-01-24,623.04
2018-01-25,622.44
2018-01-26,626.26
2018-01-29,621.97
2018-01-30,615.51
2018-01-31,617.94
2018-02-01,621.5
2018-02-02,609.15
2018-02-05,582.54
2018-02-06,590.72
2018-02-07,590.95
2018-02-08,566.41
2018-02-09,577.53
2018-02-12,584.15
2018-02-13,586.88
2018-02-14,597.34
2018-02-15,601.62
2018-02-16,602.29
2018-02-20,599.53
2018-02-21,597.04
2018-02-22,594.31
2018-02-23,603.3
2018-02-26,610.59
2018-02-27,603.42
2018-02-28,597.32
2018-03-01,588.76
2018-03-02,590.62
2018-03-05,598.61
2018-03-06,601.07
2018-03-07,601.57
2018-03-08,602.95
2018-03-09,615.37
2018-03-12,613.99
2018-03-13,609.07
2018-03-14,603.39
2018-03-15,603.87
2018-03-16,606.09
2018-03-19,601.0
2018-03-20,602.28
2018-03-21,600.87
2018-03-22,582.9
2018-03-23,567.46
2018-03-26,583.49
2018-03-27,574.12
2018-03-28,576.55
2018-03-29,582.78
2018-04-02,571.59
2018-04-03,578.21
2018-04-04,584.11
2018-04-05,587.41
2018-04-06,574.78
2018-04-09,576.28
2018-04-10,583.17
2018-04-11,578.06
2018-04-12,584.83
2018-04-13,578.76
2018-04-16,581.74
2018-04-17,583.44
2018-04-18,581.87
2018-04-19,586.33
2018-04-20,585.64
2018-04-23,585.37
2018-04-24,582.34
2018-04-25,581.54
2018-04-26,584.7
2018-04-27,586.32
2018-04-30,582.13
2018-05-01,583.91
2018-05-02,579.09
2018-05-03,575.79
2018-05-04,582.46
2018-05-07,586.21
2018-05-08,588.63
2018-05-09,595.55
2018-05-10,600.0
2018-05-11,599.49
2018-05-14,597.93
2018-05-15,595.73
2018-05-16,596.0
2018-05-17,595.07
2018-05-18,591.42
2018-05-21,596.41
2018-05-22,598.86
2018-05-23,597.6
2018-05-24,594.31
2018-05-25,592.82
2018-05-29,578.94
2018-05-30,588.71
2018-05-31,584.19
2018-06-01,589.84
2018-06-04,593.09
2018-06-05,591.26
2018-06-06,600.3
2018-06-07,600.16
2018-06-08,602.17
2018-06-11,600.28
2018-06-12,599.62
2018-06-13,595.7
2018-06-14,593.05
2018-06-15,592.73
2018-06-18,592.86
2018-06-19,591.38
2018-06-20,591.64
2018-06-21,590.82
2018-06-22,589.65
2018-06-25,583.4
2018-06-26,582.67
2018-06-27,576.05
2018-06-28,580.79
2018-06-29,580.15
2018-07-02,582.45
2018-07-03,578.88
2018-07-05,582.06
2018-07-06,585.05
2018-07-09,594.01
2018-07-10,592.83
2018-07-11,590.89
2018-07-12,592.19
2018-07-13,589.65
2018-07-16,595.62
2018-07-17,596.09
2018-07-18,602.47
2018-07-19,597.72
2018-07-20,597.82
2018-07-23,602.97
2018-07-24,603.54
2018-07-25,606.14
2018-07-26,605.6
2018-07-27,604.27
2018-07-30,602.92
2018-07-31,602.39
2018-08-01,603.83
2018-08-02,604.04
2018-08-03,607.2
2018-08-06,608.84
2018-08-07,610.66
2018-08-08,611.3
2018-08-09,609.04
2018-08-10,603.12
2018-08-13,599.06
2018-08-14,603.78
2018-08-15,601.2
2018-08-16,607.85
2018-08-17,610.12
2018-08-20,611.84
2018-08-21,612.41
2018-08-22,610.92
2018-08-23,608.69
2018-08-24,611.34
2018-08-27,616.86
2018-08-28,617.72
2018-08-29,618.13
2018-08-30,614.03
2018-08-31,614.51
2018-09-04,615.87
2018-09-05,615.07
2018-09-06,613.28
2018-09-07,610.96
2018-09-10,611.37
2018-09-11,612.31
2018-09-12,608.52
2018-09-13,608.99
2018-09-14,611.24
2018-09-17,609.26
2018-09-18,610.82
2018-09-19,616.42
2018-09-20,621.75
2018-09-21,620.29
2018-09-24,613.27
2018-09-25,611.81
2018-09-26,604.78
2018-09-27,603.46
2018-09-28,601.08
2018-10-01,601.02
2018-10-02,600.33
2018-10-03,603.23
2018-10-04,603.59
2018-10-05,600.86
2018-10-08,603.54
2018-10-09,602.67
2018-10-10,585.37
2018-10-11,569.18
2018-10-12,571.17
2018-10-15,569.06
2018-10-16,579.15
2018-10-17,582.51
2018-10-18,574.69
2018-10-19,576.63
2018-10-22,567.04
2018-10-23,563.89
2018-10-24,552.05
2018-10-25,562.27
2018-10-26,553.37
2018-10-29,556.74
2018-10-30,563.86
2018-10-31,570.0
2018-11-01,573.41
2018-11-02,571.99
2018-11-05,579.0
2018-11-06,582.12
2018-11-07,590.65
2018-11-08,592.3
2018-11-09,587.66
2018-11-12,578.05
2018-11-13,580.37
2018-11-14,574.3
2018-11-15,580.13
2018-11-16,581.39
2018-11-19,579.01
2018-11-20,568.78
2018-11-21,569.68
2018-11-23,565.31
2018-11-26,575.44
2018-11-27,575.74
2018-11-28,586.24
2018-11-29,582.08
2018-11-30,587.04
2018-12-03,591.03
2018-12-04,568.67
2018-12-06,567.24
2018-12-07,557.0
2018-12-10,551.22
2018-12-11,547.22
2018-12-12,547.7
2018-12-13,545.39
2018-12-14,540.27
2018-12-17,530.76
2018-12-18,530.31
2018-12-19,523.43
2018-12-20,518.05
2018-12-21,508.01
2018-12-24,495.17
2018-12-26,517.84
2018-12-27,522.22
2018-12-28,522.03
2018-12-31,526.09
2019-01-02,526.62
2019-01-03,517.64
2019-01-04,532.76
2019-01-07,535.23
2019-01-08,538.06
2019-01-09,540.65
2019-01-10,542.94
2019-01-11,543.62
2019-01-14,545.42
2019-01-15,549.68
2019-01-16,558.98
2019-01-17,561.84
2019-01-18,569.42
2019-01-22,564.37
2019-01-23,564.32
2019-01-24,565.78
2019-01-25,571.14
2019-01-28,570.65
2019-01-29,569.98
2019-01-30,573.59
2019-01-31,573.93
2019-02-01,576.84
2019-02-04,579.8
2019-02-05,580.26
2019-02-06,578.18
2019-02-07,575.66
2019-02-08,573.9
2019-02-11,575.49
2019-02-12,581.21
2019-02-13,583.12
2019-02-14,578.81
2019-02-15,587.95
2019-02-19,588.76
2019-02-20,590.51
2019-02-21,588.3
2019-02-22,589.21
2019-02-25,589.64
2019-02-26,588.31
2019-02-27,589.58
2019-02-28,589.09
2019-03-01,591.61
2019-03-04,589.21
2019-03-05,588.15
2019-03-06,583.99
2019-03-07,578.83
2019-03-08,578.95
2019-03-11,585.74
2019-03-12,587.22
2019-03-13,590.9
2019-03-14,593.05
2019-03-15,595.52
2019-03-18,598.97
2019-03-19,594.88
2019-03-20,586.43
2019-03-21,588.68
2019-03-22,575.51
2019-03-25,574.18
2019-03-26,580.63
2019-03-27,578.54
2019-03-28,582.92
2019-03-29,584.13
2019-04-01,594.24
2019-04-02,594.96
2019-04-03,596.29
2019-04-04,597.77
2019-04-05,599.23
2019-04-08,599.18
2019-04-09,594.49
2019-04-10,597.71
2019-04-11,599.6
2019-04-12,608.62
2019-04-15,605.42
2019-04-16,608.37
2019-04-17,607.68
2019-04-18,607.52
2019-04-22,605.16
2019-04-23,610.05
2019-04-24,610.58
2019-04-25,611.17
2019-04-26,616.57
2019-04-29,619.4
2019-04-30,622.1
2019-05-01,617.65
2019-05-02,618.14
2019-05-03,623.11
2019-05-06,620.29
2019-05-07,610.0
2019-05-08,608.69
2019-05-09,608.25
2019-05-10,612.17
2019-05-13,598.27
2019-05-14,603.34
2019-05-15,602.98
2019-05-16,609.1
2019-05-17,605.88
2019-05-20,604.47
2019-05-21,609.43
2019-05-22,607.9
2019-05-23,600.61
2019-05-24,604.62
2019-05-28,599.0
2019-05-29,597.07
2019-05-30,595.46
2019-05-31,589.78
2019-06-03,591.7
2019-06-04,603.56
2019-06-05,609.82
2019-06-06,611.89
2019-06-07,612.96
2019-06-10,616.29
2019-06-11,616.14
2019-06-12,613.08
2019-06-13,613.6
2019-06-14,614.78
2019-06-17,612.08
2019-06-18,616.99
2019-06-19,617.5
2019-06-20,621.53
2019-06-21,618.42
2019-06-24,616.06
2019-06-25,611.63
2019-06-26,608.43
2019-06-27,613.65
2019-06-28,620.88
2019-07-01,625.56
2019-07-02,627.38
2019-07-03,632.47
2019-07-05,633.64
2019-07-08,630.88
2019-07-09,633.57
2019-07-10,632.76
2019-07-11,634.26
2019-07-12,636.81
2019-07-15,634.27
2019-07-16,632.43
2019-07-17,628.06
2019-07-18,632.09
2019-07-19,627.57
2019-07-22,628.73
2019-07-23,635.02
2019-07-24,640.34
2019-07-25,636.48
2019-07-26,642.07
2019-07-29,638.93
2019-07-30,638.87
2019-07-31,634.95
2019-08-01,625.17
2019-08-02,623.83
2019-08-05,604.48
2019-08-06,613.76
2019-08-07,611.59
2019-08-08,622.61
2019-08-09,620.63
2019-08-12,611.35
2019-08-13,617.25
2019-08-14,598.7
2019-08-15,602.3
2019-08-16,611.77
2019-08-19,617.57
2019-08-20,610.59
2019-08-21,613.93
2019-08-22,616.68
2019-08-23,602.31
2019-08-26,608.71
2019-08-27,605.17
2019-08-28,609.38
2019-08-29,617.24
2019-08-30,618.93
2019-09-03,615.33
2019-09-04,621.97
2019-09-05,629.85
2019-09-06,630.33
2019-09-09,634.36
2019-09-10,632.63
2019-09-11,634.93
2019-09-12,638.56
2019-09-13,640.13
2019-09-16,639.13
2019-09-17,641.23
2019-09-18,642.29
2019-09-19,641.32
2019-09-20,637.67
2019-09-23,639.05
2019-09-24,634.43
2019-09-25,638.38
2019-09-26,637.64
2019-09-27,636.1
2019-09-30,635.68
2019-10-01,625.38
2019-10-02,614.68
2019-10-03,617.84
2019-10-04,627.43
2019-10-07,624.73
2019-10-08,614.46
2019-10-09,619.91
2019-10-10,624.35
2019-10-11,630.43
2019-10-14,630.8
2019-10-15,636.99
2019-10-16,635.59
2019-10-17,637.0
2019-10-18,638.3
2019-10-21,645.81
2019-10-22,641.35
2019-10-23,643.37
2019-10-24,644.61
2019-10-25,645.54
2019-10-28,647.92
2019-10-29,649.3
2019-10-30,650.01
2019-10-31,646.96
2019-11-01,653.63
2019-11-04,655.61
2019-11-05,653.95
2019-11-06,656.14
2019-11-07,657.99
2019-11-08,658.19
2019-11-11,657.69
2019-11-12,656.89
2019-11-13,655.63
2019-11-14,657.36
2019-11-15,659.94
2019-11-18,661.11
2019-11-19,663.25
2019-11-20,660.94
2019-11-21,657.98
2019-11-22,660.45
2019-11-25,664.93
2019-11-26,667.08
2019-11-27,670.14
2019-11-29,668.23
2019-12-02,661.88
2019-12-03,656.96
2019-12-04,661.53
2019-12-05,663.92
2019-12-06,670.16
2019-12-09,669.19
2019-12-10,668.12
2019-12-11,666.08
2019-12-12,673.32
2019-12-13,672.08
2019-12-16,675.38
2019-12-17,676.36
2019-12-18,675.41
2019-12-19,677.45
2019-12-20,679.08
2019-12-23,676.78
2019-12-24,677.5
2019-12-26,681.02
2019-12-27,680.95
2019-12-30,678.42
2019-12-31,680.66
2020-01-02,683.99
2020-01-03,679.71
2020-01-06,679.34
2020-01-07,674.54
2020-01-08,678.68
2020-01-09,682.95
2020-01-10,680.93
2020-01-13,686.6
2020-01-14,684.76
2020-01-15,684.73
2020-01-16,690.84
2020-01-17,693.98
2020-01-21,691.85
2020-01-22,692.75
2020-01-23,692.8
2020-01-24,685.69
2020-01-27,676.54
2020-01-28,682.77
2020-01-29,681.89
2020-01-30,688.66
2020-01-31,674.97
2020-02-03,679.54
2020-02-04,687.12
2020-02-05,695.83
2020-02-06,695.64
2020-02-07,693.26
2020-02-10,697.06
2020-02-11,700.03
2020-02-12,702.44
2020-02-13,703.53
2020-02-14,706.32
2020-02-18,702.46
2020-02-19,704.24
2020-02-20,705.41
2020-02-21,699.83
2020-02-24,679.03
2020-02-25,655.2
2020-02-26,649.63
2020-02-27,620.48
2020-02-28,606.86
2020-03-02,636.5
2020-03-03,618.02
2020-03-04,639.43
2020-03-05,613.4
2020-03-06,597.23
2020-03-09,538.49
2020-03-10,568.78
2020-03-11,536.78
2020-03-12,481.6
2020-03-13,536.88
2020-03-16,458.17
2020-03-17,482.25
2020-03-18,439.5
2020-03-19,447.63
2020-03-20,429.77
2020-03-23,404.13
2020-03-24,452.65
2020-03-25,469.87
2020-03-26,500.27
2020-03-27,486.13
2020-03-30,495.75
2020-03-31,481.04
2020-04-01,452.03
2020-04-02,461.38
2020-04-03,451.08
2020-04-06,487.44
2020-04-07,490.87
2020-04-08,515.39
2020-04-09,539.01
2020-04-13,519.01
2020-04-14,525.39
2020-04-15,502.17
2020-04-16,493.72
2020-04-17,517.95
2020-04-20,504.7
2020-04-21,490.55
2020-04-22,497.92
2020-04-23,495.76
2020-04-24,501.1
2020-04-27,518.96
2020-04-28,523.23
2020-04-29,540.32
2020-04-30,527.51
2020-05-01,510.45
2020-05-04,507.62
2020-05-05,508.8
2020-05-06,499.09
2020-05-07,509.43
2020-05-08,520.67
2020-05-11,512.13
2020-05-12,495.6
2020-05-13,481.83
2020-05-14,492.08
2020-05-15,490.25
2020-05-18,516.69
2020-05-19,506.38
2020-05-20,517.05
2020-05-21,514.74
2020-05-22,515.58
2020-05-26,537.92
2020-05-27,554.91
2020-05-28,549.95
2020-05-29,544.24
2020-06-01,551.06
2020-06-02,555.52
2020-06-03,573.76
2020-06-04,578.67
2020-06-05,600.36
2020-06-08,611.09
2020-06-09,600.35
2020-06-10,582.3
2020-06-11,538.7
2020-06-12,554.73
2020-06-15,560.7
2020-06-16,569.79
2020-06-17,562.71
2020-06-18,561.22
2020-06-19,555.91
2020-06-22,555.36
2020-06-23,556.91
2020-06-24,537.78
2020-06-25,549.86
2020-06-26,529.96
2020-06-29,536.92
2020-06-30,544.61
2020-07-01,543.96
2020-07-02,544.04
2020-07-06,551.22
2020-07-07,539.78
2020-07-08,543.52
